구분,slug,한국어,English,日本語,繁體,국가,통화,시간대,위도,경도,공항
"기존","tokyo","도쿄","Tokyo","東京","東京","JP","JPY","Asia/Tokyo","35.6762","139.6503","HND NRT"
"기존","osaka","오사카","Osaka","大阪","大阪","JP","JPY","Asia/Tokyo","34.6937","135.5023","KIX ITM UKB"
"기존","kyoto","교토","Kyoto","京都","京都","JP","JPY","Asia/Tokyo","35.0116","135.7681","ITM UKB"
"기존","fukuoka","후쿠오카","Fukuoka","福岡","福岡","JP","JPY","Asia/Tokyo","33.5904","130.4017","FUK"
"기존","sapporo","삿포로","Sapporo","札幌","札幌","JP","JPY","Asia/Tokyo","43.0618","141.3545","CTS"
"기존","okinawa","오키나와","Okinawa","沖縄","沖繩","JP","JPY","Asia/Tokyo","26.2124","127.6809","OKA"
"기존","nagoya","나고야","Nagoya","名古屋","名古屋","JP","JPY","Asia/Tokyo","35.1815","136.9066","NGO"
"기존","beppu","벳푸","Beppu","別府","別府","JP","JPY","Asia/Tokyo","33.2846","131.4913","KMJ OIT KKJ UBJ"
"기존","bangkok","방콕","Bangkok","バンコク","曼谷","TH","THB","Asia/Bangkok","13.7563","100.5018","BKK DMK"
"기존","danang","다낭","Da Nang","ダナン","峴港","VN","VND","Asia/Ho_Chi_Minh","16.0544","108.2022","DAD HUI"
"기존","nhatrang","나트랑","Nha Trang","ニャチャン","芽莊","VN","VND","Asia/Ho_Chi_Minh","12.2388","109.1967","CXR"
"기존","hochiminh","호치민","Ho Chi Minh City","ホーチミン","胡志明市","VN","VND","Asia/Ho_Chi_Minh","10.8231","106.6297","SGN"
"기존","hanoi","하노이","Hanoi","ハノイ","河內","VN","VND","Asia/Ho_Chi_Minh","21.0278","105.8342","HAN"
"기존","singapore","싱가포르","Singapore","シンガポール","新加坡","SG","SGD","Asia/Singapore","1.3521","103.8198","SIN"
"기존","kualalumpur","쿠알라룸푸르","Kuala Lumpur","クアラルンプール","吉隆坡","MY","MYR","Asia/Kuala_Lumpur","3.139","101.6869","KUL"
"기존","bali","발리","Bali","バリ島","峇里島","ID","IDR","Asia/Makassar","-8.3405","115.092","DPS"
"기존","cebu","세부","Cebu","セブ","宿霧","PH","PHP","Asia/Manila","10.3157","123.8854","CEB"
"기존","boracay","보라카이","Boracay","ボラカイ","長灘島","PH","PHP","Asia/Manila","11.9674","121.9248","MPH KLO"
"기존","taipei","타이페이","Taipei","台北","台北","TW","TWD","Asia/Taipei","25.033","121.5654","TPE"
"기존","kaohsiung","가오슝","Kaohsiung","高雄","高雄","TW","TWD","Asia/Taipei","22.6273","120.3014","KHH"
"기존","hongkong","홍콩","Hong Kong","香港","香港","HK","HKD","Asia/Hong_Kong","22.3193","114.1694","HKG"
"기존","macau","마카오","Macau","マカオ","澳門","MO","MOP","Asia/Macau","22.1987","113.5439","MFM"
"기존","shanghai","상하이","Shanghai","上海","上海","CN","CNY","Asia/Shanghai","31.2304","121.4737","PVG SHA"
"기존","beijing","베이징","Beijing","北京","北京","CN","CNY","Asia/Shanghai","39.9042","116.4074","PKX PEK"
"기존","jeju","제주","Jeju","済州島","濟州島","KR","KRW","Asia/Seoul","33.4996","126.5312","CJU"
"기존","busan","부산","Busan","釜山","釜山","KR","KRW","Asia/Seoul","35.1796","129.0756","PUS"
"기존","gangneung","강릉","Gangneung","江陵","江陵","KR","KRW","Asia/Seoul","37.7519","128.8761","YNY"
"기존","yeosu","여수","Yeosu","麗水","麗水","KR","KRW","Asia/Seoul","34.7604","127.6622","RSU HIN"
"기존","gyeongju","경주","Gyeongju","慶州","慶州","KR","KRW","Asia/Seoul","35.8562","129.2247","PUS TAE"
"기존","jeonju","전주","Jeonju","全州","全州","KR","KRW","Asia/Seoul","35.8242","127.148","KUV"
"기존","sokcho","속초","Sokcho","束草","束草","KR","KRW","Asia/Seoul","38.207","128.5918","YNY"
"기존","seoul","서울","Seoul","ソウル","首爾","KR","KRW","Asia/Seoul","37.5665","126.978","ICN GMP"
"기존","paris","파리","Paris","パリ","巴黎","FR","EUR","Europe/Paris","48.8566","2.3522","CDG ORY"
"기존","london","런던","London","ロンドン","倫敦","GB","GBP","Europe/London","51.5072","-0.1276","LHR LGW LTN"
"기존","rome","로마","Rome","ローマ","羅馬","IT","EUR","Europe/Rome","41.9028","12.4964","FCO"
"기존","barcelona","바르셀로나","Barcelona","バルセロナ","巴塞隆納","ES","EUR","Europe/Madrid","41.3874","2.1686","BCN"
"기존","prague","프라하","Prague","プラハ","布拉格","CZ","CZK","Europe/Prague","50.0755","14.4378","PRG"
"기존","vienna","빈","Vienna","ウィーン","維也納","AT","EUR","Europe/Vienna","48.2082","16.3738","VIE"
"기존","zurich","취리히","Zurich","チューリッヒ","蘇黎世","CH","CHF","Europe/Zurich","47.3769","8.5417","ZRH"
"기존","amsterdam","암스테르담","Amsterdam","アムステルダム","阿姆斯特丹","NL","EUR","Europe/Amsterdam","52.3676","4.9041","AMS"
"기존","lisbon","리스본","Lisbon","リスボン","里斯本","PT","EUR","Europe/Lisbon","38.7223","-9.1393","LIS"
"기존","istanbul","이스탄불","Istanbul","イスタンブール","伊斯坦堡","TR","TRY","Europe/Istanbul","41.0082","28.9784","IST SAW"
"기존","newyork","뉴욕","New York","ニューヨーク","紐約","US","USD","America/New_York","40.7128","-74.006","JFK EWR LGA"
"기존","losangeles","LA","Los Angeles","ロサンゼルス","洛杉磯","US","USD","America/Los_Angeles","34.0522","-118.2437","LAX"
"기존","hawaii","하와이","Hawaii","ハワイ","夏威夷","US","USD","Pacific/Honolulu","21.3069","-157.8583","HNL"
"기존","vancouver","밴쿠버","Vancouver","バンクーバー","溫哥華","CA","CAD","America/Vancouver","49.2827","-123.1207","YVR"
"기존","sydney","시드니","Sydney","シドニー","雪梨","AU","AUD","Australia/Sydney","-33.8688","151.2093","SYD"
"기존","guam","괌","Guam","グアム","關島","GU","USD","Pacific/Guam","13.4443","144.7937","GUM"
"기존","saipan","사이판","Saipan","サイパン","塞班島","MP","USD","Pacific/Saipan","15.178","145.7509","SPN"
"기존","sanfrancisco","샌프란시스코","San Francisco","サンフランシスコ","舊金山","US","USD","America/Los_Angeles","37.7749","-122.4194","SFO OAK"
"기존","chiangmai","치앙마이","Chiang Mai","チェンマイ","清邁","TH","THB","Asia/Bangkok","18.7883","98.9853","CNX"
"기존","phuket","푸켓","Phuket","プーケット","普吉島","TH","THB","Asia/Bangkok","7.8804","98.3923","HKT"
"기존","siemreap","시엠레아프","Siem Reap","シェムリアップ","暹粒","KH","KHR","Asia/Phnom_Penh","13.3633","103.8564","SAI BBM"
"기존","delhi","델리","Delhi","デリー","德里","IN","INR","Asia/Kolkata","28.6139","77.209","DEL"
"기존","mumbai","뭄바이","Mumbai","ムンバイ","孟買","IN","INR","Asia/Kolkata","19.076","72.8777","BOM"
"기존","jaipur","자이푸르","Jaipur","ジャイプル","齋浦爾","IN","INR","Asia/Kolkata","26.9124","75.7873","JAI"
"기존","kathmandu","카트만두","Kathmandu","カトマンズ","加德滿都","NP","NPR","Asia/Kathmandu","27.7172","85.324","KTM"
"기존","male","말레","Malé","マレ","馬列","MV","MVR","Indian/Maldives","4.1755","73.5093","MLE"
"기존","dubai","두바이","Dubai","ドバイ","杜拜","AE","AED","Asia/Dubai","25.2048","55.2708","DXB SHJ"
"기존","abudhabi","아부다비","Abu Dhabi","アブダビ","阿布達比","AE","AED","Asia/Dubai","24.4539","54.3773","AUH"
"기존","doha","도하","Doha","ドーハ","杜哈","QA","QAR","Asia/Qatar","25.2854","51.531","DOH"
"기존","telaviv","텔아비브","Tel Aviv","テルアビブ","特拉維夫","IL","ILS","Asia/Jerusalem","32.0853","34.7818","TLV"
"기존","ulaanbaatar","울란바토르","Ulaanbaatar","ウランバートル","烏蘭巴托","MN","MNT","Asia/Ulaanbaatar","47.8864","106.9057","UBN"
"기존","berlin","베를린","Berlin","ベルリン","柏林","DE","EUR","Europe/Berlin","52.52","13.405","BER"
"기존","munich","뮌헨","Munich","ミュンヘン","慕尼黑","DE","EUR","Europe/Berlin","48.1351","11.582","MUC"
"기존","madrid","마드리드","Madrid","マドリード","馬德里","ES","EUR","Europe/Madrid","40.4168","-3.7038","MAD"
"기존","milan","밀라노","Milan","ミラノ","米蘭","IT","EUR","Europe/Rome","45.4642","9.19","MXP BGY LIN"
"기존","venice","베네치아","Venice","ヴェネツィア","威尼斯","IT","EUR","Europe/Rome","45.4408","12.3155","VCE TSF"
"기존","florence","피렌체","Florence","フィレンツェ","佛羅倫斯","IT","EUR","Europe/Rome","43.7696","11.2558","PSA FLR"
"기존","santorini","산토리니","Santorini","サントリーニ島","聖托里尼","GR","EUR","Europe/Athens","36.3932","25.4615","JTR"
"기존","athens","아테네","Athens","アテネ","雅典","GR","EUR","Europe/Athens","37.9838","23.7275","ATH"
"기존","dubrovnik","두브로브니크","Dubrovnik","ドゥブロヴニク","杜布羅夫尼克","HR","EUR","Europe/Zagreb","42.6507","18.0944","DBV"
"기존","budapest","부다페스트","Budapest","ブダペスト","布達佩斯","HU","HUF","Europe/Budapest","47.4979","19.0402","BUD"
"기존","warsaw","바르샤바","Warsaw","ワルシャワ","華沙","PL","PLN","Europe/Warsaw","52.2297","21.0122","WAW WMI"
"기존","copenhagen","코펜하겐","Copenhagen","コペンハーゲン","哥本哈根","DK","DKK","Europe/Copenhagen","55.6761","12.5683","CPH"
"기존","stockholm","스톡홀름","Stockholm","ストックホルム","斯德哥爾摩","SE","SEK","Europe/Stockholm","59.3293","18.0686","ARN"
"기존","dublin","더블린","Dublin","ダブリン","都柏林","IE","EUR","Europe/Dublin","53.3498","-6.2603","DUB"
"기존","brussels","브뤼셀","Brussels","ブリュッセル","布魯塞爾","BE","EUR","Europe/Brussels","50.8503","4.3517","CRL BRU"
"기존","mexicocity","멕시코시티","Mexico City","メキシコシティ","墨西哥城","MX","MXN","America/Mexico_City","19.4326","-99.1332","MEX NLU"
"기존","cancun","칸쿤","Cancún","カンクン","坎昆","MX","MXN","America/Cancun","21.1619","-86.8515","CUN"
"기존","toronto","토론토","Toronto","トロント","多倫多","CA","CAD","America/Toronto","43.6532","-79.3832","YYZ"
"기존","lasvegas","라스베가스","Las Vegas","ラスベガス","拉斯維加斯","US","USD","America/Los_Angeles","36.1699","-115.1398","LAS"
"기존","miami","마이애미","Miami","マイアミ","邁阿密","US","USD","America/New_York","25.7617","-80.1918","MIA FLL"
"기존","havana","아바나","Havana","ハバナ","哈瓦那","CU","CUP","America/Havana","23.1136","-82.3666","HAV"
"기존","riodejaneiro","리우데자네이루","Rio de Janeiro","リオデジャネイロ","里約熱內盧","BR","BRL","America/Sao_Paulo","-22.9068","-43.1729","GIG SDU"
"기존","saopaulo","상파울루","São Paulo","サンパウロ","聖保羅","BR","BRL","America/Sao_Paulo","-23.5505","-46.6333","CGH VCP GRU"
"기존","buenosaires","부에노스아이레스","Buenos Aires","ブエノスアイレス","布宜諾斯艾利斯","AR","ARS","America/Argentina/Buenos_Aires","-34.6037","-58.3816","EZE AEP"
"기존","lima","리마","Lima","リマ","利馬","PE","PEN","America/Lima","-12.0464","-77.0428","LIM"
"기존","cusco","쿠스코","Cusco","クスコ","庫斯科","PE","PEN","America/Lima","-13.532","-71.9675","CUZ"
"기존","santiago","산티아고","Santiago","サンティアゴ","聖地牙哥","CL","CLP","America/Santiago","-33.4489","-70.6693","SCL"
"기존","capetown","케이프타운","Cape Town","ケープタウン","開普敦","ZA","ZAR","Africa/Johannesburg","-33.9249","18.4241","CPT"
"기존","marrakech","마라케시","Marrakech","マラケシュ","馬拉喀什","MA","MAD","Africa/Casablanca","31.6295","-7.9811","RAK"
"기존","cairo","카이로","Cairo","カイロ","開羅","EG","EGP","Africa/Cairo","30.0444","31.2357","CAI"
"기존","nairobi","나이로비","Nairobi","ナイロビ","奈洛比","KE","KES","Africa/Nairobi","-1.2921","36.8219","NBO WIL"
"기존","zanzibar","잔지바르","Zanzibar","ザンジバル","尚吉巴","TZ","TZS","Africa/Dar_es_Salaam","-6.1659","39.2026","DAR ZNZ"
"기존","melbourne","멜버른","Melbourne","メルボルン","墨爾本","AU","AUD","Australia/Melbourne","-37.8136","144.9631","MEL"
"기존","brisbane","브리즈번","Brisbane","ブリスベン","布里斯本","AU","AUD","Australia/Brisbane","-27.4698","153.0251","BNE"
"기존","auckland","오클랜드","Auckland","オークランド","奧克蘭","NZ","NZD","Pacific/Auckland","-36.8485","174.7633","AKL"
"기존","queenstown","퀸스타운","Queenstown","クイーンズタウン","皇后鎮","NZ","NZD","Pacific/Auckland","-45.0312","168.6626","ZQN"
"기존","fiji","피지","Fiji","フィジー","斐濟","FJ","FJD","Pacific/Fiji","-17.7134","178.065","SUV NAN"
"추가","kobe","고베","Kobe","神戸","神戶","JP","JPY","Asia/Tokyo","34.6902","135.1954","KIX ITM UKB"
"추가","nara","나라","Nara","奈良","奈良","JP","JPY","Asia/Tokyo","34.685","135.8048","KIX ITM UKB"
"추가","hiroshima","히로시마","Hiroshima","広島","廣島","JP","JPY","Asia/Tokyo","34.3914","132.4519","MYJ HIJ IWK"
"추가","kanazawa","가나자와","Kanazawa","金沢","金澤","JP","JPY","Asia/Tokyo","36.5611","136.6565","KMQ TOY"
"추가","nagasaki","나가사키","Nagasaki","長崎","長崎","JP","JPY","Asia/Tokyo","32.7495","129.8796","NGS HSG"
"추가","kumamoto","구마모토","Kumamoto","熊本","熊本","JP","JPY","Asia/Tokyo","32.803","130.7079","KMJ NGS HSG"
"추가","kagoshima","가고시마","Kagoshima","鹿児島","鹿兒島","JP","JPY","Asia/Tokyo","31.5968","130.5571","KOJ"
"추가","matsuyama","마쓰야마","Matsuyama","松山","松山","JP","JPY","Asia/Tokyo","33.8392","132.7656","MYJ HIJ IWK"
"추가","takamatsu","다카마쓰","Takamatsu","高松","高松","JP","JPY","Asia/Tokyo","34.3428","134.0466","TAK OKJ TKS"
"추가","hakodate","하코다테","Hakodate","函館","函館","JP","JPY","Asia/Tokyo","41.7687","140.7289","HKD"
"추가","otaru","오타루","Otaru","小樽","小樽","JP","JPY","Asia/Tokyo","43.1907","140.9944","CTS"
"추가","sendai","센다이","Sendai","仙台","仙台","JP","JPY","Asia/Tokyo","38.2682","140.8694","SDJ"
"추가","niigata","니가타","Niigata","新潟","新潟","JP","JPY","Asia/Tokyo","37.9162","139.0364","KIJ"
"추가","nagano","나가노","Nagano","長野","長野","JP","JPY","Asia/Tokyo","36.6487","138.1947","MMJ"
"추가","matsumoto","마쓰모토","Matsumoto","松本","松本","JP","JPY","Asia/Tokyo","36.238","137.972","MMJ"
"추가","takayama","다카야마","Takayama","高山","高山","JP","JPY","Asia/Tokyo","36.146","137.2522","TOY MMJ"
"추가","hakone","하코네","Hakone","箱根","箱根","JP","JPY","Asia/Tokyo","35.2324","139.1069","HND NRT"
"추가","kamakura","가마쿠라","Kamakura","鎌倉","鎌倉","JP","JPY","Asia/Tokyo","35.3192","139.5472","HND NRT"
"추가","yokohama","요코하마","Yokohama","横浜","橫濱","JP","JPY","Asia/Tokyo","35.4503","139.6342","HND NRT"
"추가","nikko","닛코","Nikko","日光","日光","JP","JPY","Asia/Tokyo","36.75","139.6","HND NRT"
"추가","ishigaki","이시가키","Ishigaki","石垣","石垣","JP","JPY","Asia/Tokyo","24.3445","124.1852","TRA"
"추가","miyakojima","미야코지마","Miyakojima","宮古島","宮古島","JP","JPY","Asia/Tokyo","24.7901","125.2949","MMY SHI"
"추가","yufuin","유후인","Yufuin","湯布院","湯布院","JP","JPY","Asia/Tokyo","33.2644","131.3556","KMJ OIT KKJ UBJ"
"추가","kitakyushu","기타큐슈","Kitakyushu","北九州","北九州","JP","JPY","Asia/Tokyo","33.8834","130.8752","FUK"
"추가","okayama","오카야마","Okayama","岡山","岡山","JP","JPY","Asia/Tokyo","34.6551","133.9196","TAK OKJ"
"추가","kurashiki","구라시키","Kurashiki","倉敷","倉敷","JP","JPY","Asia/Tokyo","34.5851","133.7721","HIJ TAK OKJ"
"추가","himeji","히메지","Himeji","姫路","姬路","JP","JPY","Asia/Tokyo","34.8152","134.6854","KIX UKB"
"추가","shizuoka","시즈오카","Shizuoka","静岡","靜岡","JP","JPY","Asia/Tokyo","34.9756","138.3825","FSZ"
"추가","aomori","아오모리","Aomori","青森","青森","JP","JPY","Asia/Tokyo","40.8228","140.7469","AOJ ONJ"
"추가","karuizawa","가루이자와","Karuizawa","軽井沢","輕井澤","JP","JPY","Asia/Tokyo","36.3484","138.597","HND NRT"
"추가","asahikawa","아사히카와","Asahikawa","旭川","旭川","JP","JPY","Asia/Tokyo","43.7706","142.365","AKJ"
"추가","miyazaki","미야자키","Miyazaki","宮崎","宮崎","JP","JPY","Asia/Tokyo","31.9077","131.4202","KOJ KMI"
"추가","toyama","도야마","Toyama","富山","富山","JP","JPY","Asia/Tokyo","36.6959","137.2137","KMQ TOY"
"추가","matsue","마쓰에","Matsue","松江","松江","JP","JPY","Asia/Tokyo","35.4681","133.0485","IZO YGJ"
"추가","kochi","고치","Kochi","高知","高知","JP","JPY","Asia/Tokyo","33.5597","133.5311","KCZ"
"추가","tokushima","도쿠시마","Tokushima","徳島","德島","JP","JPY","Asia/Tokyo","34.0703","134.5549","KIX"
"추가","qingdao","칭다오","Qingdao","青島","青島","CN","CNY","Asia/Shanghai","36.1167","120.4","TAO"
"추가","weihai","웨이하이","Weihai","威海","威海","CN","CNY","Asia/Shanghai","37.5","122.1","WEH"
"추가","yantai","옌타이","Yantai","煙台","煙臺","CN","CNY","Asia/Shanghai","37.4644","121.4478","YNT WEH"
"추가","dalian","다롄","Dalian","大連","大連","CN","CNY","Asia/Shanghai","38.9","121.6","DLC"
"추가","shenyang","선양","Shenyang","瀋陽","瀋陽","CN","CNY","Asia/Shanghai","41.8025","123.4281","SHE"
"추가","tianjin","톈진","Tianjin","天津","天津","CN","CNY","Asia/Shanghai","39.1467","117.2056","PKX TSN"
"추가","yanji","옌지","Yanji","延吉","延吉","CN","CNY","Asia/Shanghai","42.9044","129.5067","YNJ"
"추가","harbin","하얼빈","Harbin","ハルビン","哈爾濱","CN","CNY","Asia/Shanghai","45.75","126.6333","HRB"
"추가","guangzhou","광저우","Guangzhou","広州","廣州","CN","CNY","Asia/Shanghai","23.13","113.26","CAN SZX"
"추가","shenzhen","선전","Shenzhen","深圳","深圳","CN","CNY","Asia/Shanghai","22.5467","114.0544","SZX"
"추가","xian","시안","Xi'an","西安","西安","CN","CNY","Asia/Shanghai","34.2611","108.9422","XIY"
"추가","chengdu","청두","Chengdu","成都","成都","CN","CNY","Asia/Shanghai","30.66","104.0633","TFU CTU"
"추가","chongqing","충칭","Chongqing","重慶","重慶","CN","CNY","Asia/Shanghai","29.55","106.5069","CKG"
"추가","hangzhou","항저우","Hangzhou","杭州","杭州","CN","CNY","Asia/Shanghai","30.25","120.1675","HGH"
"추가","nanjing","난징","Nanjing","南京","南京","CN","CNY","Asia/Shanghai","32.0608","118.7789","NKG"
"추가","zhangjiajie","장자제","Zhangjiajie","張家界","張家界","CN","CNY","Asia/Shanghai","29.1255","110.4844","DYG"
"추가","guilin","구이린","Guilin","桂林","桂林","CN","CNY","Asia/Shanghai","25.2667","110.2833","KWL"
"추가","kunming","쿤밍","Kunming","昆明","昆明","CN","CNY","Asia/Shanghai","25.0433","102.7061","KMG"
"추가","lijiang","리장","Lijiang","麗江","麗江","CN","CNY","Asia/Shanghai","26.8808","100.2208","LJG"
"추가","sanya","싼야","Sanya","三亜","三亞","CN","CNY","Asia/Shanghai","18.2533","109.5036","SYX"
"추가","xiamen","샤먼","Xiamen","廈門","廈門","CN","CNY","Asia/Shanghai","24.4797","118.0819","XMN JJN"
"추가","wuhan","우한","Wuhan","武漢","武漢","CN","CNY","Asia/Shanghai","30.595","114.2975","WUH"
"추가","zhengzhou","정저우","Zhengzhou","鄭州","鄭州","CN","CNY","Asia/Shanghai","34.7492","113.6605","CGO"
"추가","haikou","하이커우","Haikou","海口","海口","CN","CNY","Asia/Shanghai","20.02","110.32","HAK"
"추가","changsha","창사","Changsha","長沙","長沙","CN","CNY","Asia/Shanghai","28.1987","112.9709","CSX"
"추가","fuzhou","푸저우","Fuzhou","福州","福州","CN","CNY","Asia/Shanghai","26.0769","119.2917","FOC"
"추가","urumqi","우루무치","Urumqi","ウルムチ","烏魯木齊","CN","CNY","Asia/Urumqi","43.8225","87.6125","URC"
"추가","taichung","타이중","Taichung","台中","臺中","TW","TWD","Asia/Taipei","24.1439","120.6794","RMQ"
"추가","tainan","타이난","Tainan","台南","臺南","TW","TWD","Asia/Taipei","22.99","120.185","KHH"
"추가","hualien","화롄","Hualien","花蓮","花蓮","TW","TWD","Asia/Taipei","23.9722","121.6064","HUN"
"추가","taoyuan","타오위안","Taoyuan","桃園","桃園","TW","TWD","Asia/Taipei","24.9913","121.3143","TPE"
"추가","phuquoc","푸꾸옥","Phu Quoc","フーコック","富國島","VN","VND","Asia/Phnom_Penh","10.2289","103.9572","PQC"
"추가","hoian","호이안","Hoi An","ホイアン","會安","VN","VND","Asia/Ho_Chi_Minh","15.8777","108.3327","DAD"
"추가","dalat","달랏","Da Lat","ダラット","大叻","VN","VND","Asia/Ho_Chi_Minh","11.94","108.4375","DLI"
"추가","hue","후에","Hue","フエ","順化","VN","VND","Asia/Ho_Chi_Minh","16.4639","107.5867","HUI"
"추가","halong","할롱","Ha Long","ハロン","下龍","VN","VND","Asia/Bangkok","20.9516","107.0852","HPH VDO"
"추가","haiphong","하이퐁","Hai Phong","ハイフォン","海防","VN","VND","Asia/Bangkok","20.8","106.6667","HPH"
"추가","sapa","사파","Sa Pa","サパ","沙壩","VN","VND","Asia/Bangkok","22.3357","103.8417","HAN"
"추가","pattaya","파타야","Pattaya","パッタヤー","芭達雅","TH","THB","Asia/Bangkok","12.9496","100.893","UTP"
"추가","krabi","끄라비","Krabi","クラビー","喀比","TH","THB","Asia/Bangkok","8.0578","98.9169","HKT"
"추가","kosamui","코사무이","Ko Samui","サムイ島","蘇美島","TH","THB","Asia/Bangkok","9.5365","99.9363","USM"
"추가","huahin","후아힌","Hua Hin","ホアヒン","華欣","TH","THB","Asia/Bangkok","12.5686","99.9578","HHQ"
"추가","chiangrai","치앙라이","Chiang Rai","チェンライ","清萊","TH","THB","Asia/Bangkok","19.9","99.8167","CEI"
"추가","kotakinabalu","코타키나발루","Kota Kinabalu","コタキナバル","亞庇","MY","MYR","Asia/Kuching","5.975","116.0725","BKI"
"추가","georgetown","조지타운","George Town","ジョージタウン","喬治","MY","MYR","Asia/Kuala_Lumpur","5.4145","100.3292","PEN"
"추가","langkawi","랑카위","Langkawi","ランカウイ島","蘭卡威","MY","MYR","Asia/Kuala_Lumpur","6.35","99.8","LGK AOR"
"추가","malacca","믈라카","Malacca","マラッカ","麻六甲","MY","MYR","Asia/Kuala_Lumpur","2.1889","102.2511","MKZ"
"추가","johorbahru","조호르바루","Johor Bahru","ジョホールバル","新山","MY","MYR","Asia/Kuala_Lumpur","1.4556","103.7611","JHB"
"추가","kuching","쿠칭","Kuching","クチン","古晉","MY","MYR","Asia/Kuching","1.5575","110.3439","KCH"
"추가","manila","마닐라","Manila","マニラ","馬尼拉","PH","PHP","Asia/Manila","14.5958","120.9772","MNL"
"추가","clark","클락","Clark","クラーク","克拉克","PH","PHP","Asia/Manila","15.185","120.56","CRK"
"추가","tagbilaran","타그빌라란","Tagbilaran","タグビララン","塔比拉蘭","PH","PHP","Asia/Manila","9.65","123.85","CEB TAG DGT"
"추가","puertoprincesa","푸에르토프린세사","Puerto Princesa","プエルト・プリンセサ","普林塞薩港","PH","PHP","Asia/Manila","9.74","118.744","PPS"
"추가","elnido","엘니도","El Nido","エルニド","愛妮島","PH","PHP","Asia/Manila","11.18","119.39","PPS"
"추가","coron","코론","Coron","コロン","科隆","PH","PHP","Asia/Manila","11.9989","120.2053","USU"
"추가","jakarta","자카르타","Jakarta","ジャカルタ","雅加達","ID","IDR","Asia/Jakarta","-6.1753","106.8269","CGK HLP"
"추가","yogyakarta","족자카르타","Yogyakarta","ジョグジャカルタ","日惹","ID","IDR","Asia/Jakarta","-7.8014","110.3644","JOG SOC"
"추가","ubud","우붓","Ubud","ウブド","烏布","ID","IDR","Asia/Makassar","-8.4967","115.2628","DPS"
"추가","mataram","마타람","Mataram","マタラム","馬塔蘭","ID","IDR","Asia/Makassar","-8.5833","116.1167","LOP"
"추가","labuanbajo","라부안바조","Labuan Bajo","ラブアンバジョ","拉布安巴佐","ID","IDR","Asia/Makassar","-8.4964","119.8878",""
"추가","manado","마나도","Manado","マナド","美娜多","ID","IDR","Asia/Makassar","1.4931","124.8413","MDC"
"추가","phnompenh","프놈펜","Phnom Penh","プノンペン","金邊","KH","KHR","Asia/Phnom_Penh","11.5696","104.921","KTI"
"추가","vientiane","비엔티안","Vientiane","ヴィエンチャン","永珍","LA","LAK","Asia/Vientiane","17.98","102.63","VTE"
"추가","luangprabang","루앙파방","Luang Prabang","ルアンパバーン","琅勃拉邦","LA","LAK","Asia/Vientiane","19.89","102.1347","LPQ"
"추가","yangon","양곤","Yangon","ヤンゴン","仰光","MM","MMK","Asia/Yangon","16.795","96.16","RGN"
"추가","bandarseribegawan","반다르스리브가완","Bandar Seri Begawan","バンダルスリブガワン","斯里巴加萬港","BN","BND","Asia/Brunei","4.9167","114.9167","BWN"
"추가","colombo","콜롬보","Colombo","コロンボ","可倫坡","LK","LKR","Asia/Colombo","6.9267","79.8606","CMB"
"추가","kandy","캔디","Kandy","キャンディ","康提","LK","LKR","Asia/Colombo","7.2931","80.635","CMB"
"추가","agra","아그라","Agra","アーグラ","阿格拉","IN","INR","Asia/Kolkata","27.18","78.02","AGR"
"추가","panaji","파나지","Panaji","パナジ","帕納吉","IN","INR","Asia/Kolkata","15.48","73.83","GOI"
"추가","pokhara","포카라","Pokhara","ポカラ","博卡拉","NP","NPR","Asia/Kathmandu","28.2097","83.9853","PKR"
"추가","tashkent","타슈켄트","Tashkent","タシュケント","塔什干","UZ","UZS","Asia/Tashkent","41.3111","69.2797","TAS"
"추가","samarkand","사마르칸트","Samarkand","サマルカンド","撒馬爾罕","UZ","UZS","Asia/Samarkand","39.6547","66.9758","SKD"
"추가","almaty","알마티","Almaty","アルマトイ","阿拉木圖","KZ","KZT","Asia/Almaty","43.24","76.915","ALA"
"추가","shymkent","쉼켄트","Shymkent","シムケント","希姆肯特","KZ","KZT","Asia/Almaty","42.3","69.6","CIT"
"추가","astana","아스타나","Astana","アスタナ","阿斯塔納","KZ","KZT","Asia/Almaty","51.1333","71.4333","NQZ"
"추가","bishkek","비슈케크","Bishkek","ビシュケク","比斯凱克","KG","KGS","Asia/Bishkek","42.8667","74.5667","BSZ"
"추가","tbilisi","트빌리시","Tbilisi","トビリシ","提比里斯","GE","GEL","Asia/Tbilisi","41.7225","44.7925","TBS"
"추가","yerevan","예레반","Yerevan","イェレヴァン","葉里溫","AM","AMD","Asia/Yerevan","40.1814","44.5144","EVN"
"추가","baku","바쿠","Baku","バクー","巴庫","AZ","AZN","Asia/Baku","40.3667","49.8352","GYD"
"추가","antalya","안탈리아","Antalya","アンタルヤ","安塔利亞","TR","TRY","Europe/Istanbul","36.9081","30.6956","AYT"
"추가","goreme","괴레메","Göreme","ギョレメ","格雷梅","TR","TRY","Europe/Istanbul","38.6431","34.8289","ASR NAV"
"추가","muscat","무스카트","Muscat","マスカット","馬斯喀特","OM","OMR","Asia/Muscat","23.6139","58.5922","MCT"
"추가","amman","암만","Amman","アンマン","安曼","JO","JOD","Asia/Amman","31.95","35.9333","AMM"
"추가","vladivostok","블라디보스토크","Vladivostok","ウラジオストク","海參崴","RU","RUB","Asia/Vladivostok","43.115","131.8853","VVO"
"추가","nice","니스","Nice","ニース","尼斯","FR","EUR","Europe/Paris","43.7019","7.2683","NCE"
"추가","lyon","리옹","Lyon","リヨン","里昂","FR","EUR","Europe/Paris","45.7675","4.835","LYS"
"추가","strasbourg","스트라스부르","Strasbourg","ストラスブール","史特拉斯堡","FR","EUR","Europe/Paris","48.5733","7.7522","SXB"
"추가","lucerne","루체른","Lucerne","ルツェルン","琉森","CH","CHF","Europe/Zurich","47.0523","8.3059","ZRH"
"추가","geneva","제네바","Geneva","ジュネーヴ","日內瓦","CH","CHF","Europe/Zurich","46.2","6.15","GVA"
"추가","interlaken","인터라켄","Interlaken","インターラーケン","因特拉肯","CH","CHF","Europe/Zurich","46.6872","7.8649","BRN"
"추가","salzburg","잘츠부르크","Salzburg","ザルツブルク","薩爾茲堡","AT","EUR","Europe/Vienna","47.8095","13.055","SZG"
"추가","innsbruck","인스브루크","Innsbruck","インスブルック","茵斯布魯克","AT","EUR","Europe/Vienna","47.2683","11.3933","INN"
"추가","hallstatt","할슈타트","Hallstatt","ハルシュタット","哈修塔特","AT","EUR","Europe/Vienna","47.5558","13.6467","SZG"
"추가","frankfurt","프랑크푸르트","Frankfurt","フランクフルト","法蘭克福","DE","EUR","Europe/Berlin","50.1106","8.6822","FRA"
"추가","hamburg","함부르크","Hamburg","ハンブルク","漢堡","DE","EUR","Europe/Berlin","53.55","10","HAM"
"추가","naples","나폴리","Naples","ナポリ","拿坡里","IT","EUR","Europe/Rome","40.8358","14.2486","NAP"
"추가","pisa","피사","Pisa","ピサ","比薩","IT","EUR","Europe/Rome","43.7167","10.4","PSA FLR"
"추가","verona","베로나","Verona","ヴェローナ","維洛那","IT","EUR","Europe/Rome","45.4386","10.9928","VRN"
"추가","bologna","볼로냐","Bologna","ボローニャ","波隆那","IT","EUR","Europe/Rome","44.4939","11.3428","BLQ FLR"
"추가","catania","카타니아","Catania","カターニア","卡塔尼亞","IT","EUR","Europe/Rome","37.5027","15.0873","CTA"
"추가","seville","세비야","Seville","セビリア","塞維亞","ES","EUR","Europe/Madrid","37.3886","-5.995","SVQ"
"추가","granada","그라나다","Granada","グラナダ","格拉納達","ES","EUR","Europe/Madrid","37.175","-3.6","GRX"
"추가","valencia","발렌시아","Valencia","バレンシア","瓦倫西亞","ES","EUR","Europe/Madrid","39.47","-0.3764","VLC"
"추가","malaga","말라가","Málaga","マラガ","馬拉加","ES","EUR","Europe/Madrid","36.7167","-4.4167","AGP"
"추가","palma","팔마","Palma","パルマ・デ・マヨルカ","帕爾馬","ES","EUR","Europe/Madrid","39.5667","2.6497","PMI"
"추가","porto","포르투","Porto","ポルト","波多","PT","EUR","Europe/Lisbon","41.15","-8.6108","OPO"
"추가","mykonos","미코노스섬","Mykonos","ミコノス島","米科諾斯島","GR","EUR","Europe/Athens","37.446","25.3286","JMK"
"추가","heraklion","이라클리오","Heraklion","イラクリオン","伊拉克利翁","GR","EUR","Europe/Athens","35.3403","25.1344","HER"
"추가","rhodes","로도스섬","Rhodes","ロドス島","羅得島","GR","EUR","Europe/Athens","36.17","27.92","RHO"
"추가","split","스플리트","Split","スプリト","史普利特","HR","EUR","Europe/Zagreb","43.51","16.44","SPU"
"추가","zagreb","자그레브","Zagreb","ザグレブ","札格雷布","HR","EUR","Europe/Zagreb","45.8131","15.9772","ZAG"
"추가","ljubljana","류블랴나","Ljubljana","リュブリャナ","盧比安納","SI","EUR","Europe/Ljubljana","46.0514","14.5061","LJU"
"추가","krakow","크라쿠프","Kraków","クラクフ","克拉科夫","PL","PLN","Europe/Warsaw","50.0614","19.9372","KRK KTW"
"추가","wrocaw","브로츠와프","Wrocław","ヴロツワフ","弗羅次瓦夫","PL","PLN","Europe/Warsaw","51.11","17.0325","WRO"
"추가","gdansk","그단스크","Gdańsk","グダニスク","格但斯克","PL","PLN","Europe/Warsaw","54.3483","18.654","GDN"
"추가","bratislava","브라티슬라바","Bratislava","ブラチスラヴァ","布拉提斯拉瓦","SK","EUR","Europe/Bratislava","48.1517","17.1093","BTS"
"추가","vilnius","빌뉴스","Vilnius","ヴィルニュス","維爾紐斯","LT","EUR","Europe/Vilnius","54.6872","25.28","VNO"
"추가","riga","리가","Riga","リガ","里加","LV","EUR","Europe/Riga","56.9475","24.1069","RIX"
"추가","tallinn","탈린","Tallinn","タリン","塔林","EE","EUR","Europe/Tallinn","59.4372","24.745","TLL"
"추가","helsinki","헬싱키","Helsinki","ヘルシンキ","赫爾辛基","FI","EUR","Europe/Helsinki","60.1708","24.9375","HEL"
"추가","oslo","오슬로","Oslo","オスロ","奧斯陸","NO","NOK","Europe/Oslo","59.9133","10.7389","OSL"
"추가","reykjavik","레이캬비크","Reykjavík","レイキャヴィーク","雷克雅維克","IS","ISK","Atlantic/Reykjavik","64.1475","-21.935","KEF"
"추가","rovaniemi","로바니에미","Rovaniemi","ロヴァニエミ","羅瓦涅米","FI","EUR","Europe/Helsinki","66.5028","25.7285","RVN"
"추가","troms","트롬쇠","Tromsø","トロムソ","特隆瑟","NO","NOK","Europe/Oslo","69.6517","18.9556","TOS"
"추가","edinburgh","에든버러","Edinburgh","エディンバラ","愛丁堡","GB","GBP","Europe/London","55.9533","-3.1892","EDI GLA"
"추가","valletta","발레타","Valletta","バレッタ","法勒他","MT","EUR","Europe/Malta","35.8978","14.5125","MLA"
"추가","chicago","시카고","Chicago","シカゴ","芝加哥","US","USD","America/Chicago","41.8819","-87.6278","ORD MDW"
"추가","boston","보스턴","Boston","ボストン","波士頓","US","USD","America/New_York","42.3603","-71.0578","BOS"
"추가","washingtondc","워싱턴 D.C.","Washington, D.C.","ワシントンD.C.","華盛頓哥倫比亞特區","US","USD","America/New_York","38.895","-77.0367","IAD BWI DCA"
"추가","seattle","시애틀","Seattle","シアトル","西雅圖","US","USD","America/Los_Angeles","47.605","-122.33","SEA"
"추가","sandiego","샌디에고","San Diego","サン・ディエゴ","聖地牙哥","US","USD","America/Los_Angeles","32.715","-117.1625","SAN"
"추가","orlando","올랜도","Orlando","オーランド","奧蘭多","US","USD","America/New_York","28.5336","-81.3867","MCO"
"추가","dallas","댈러스","Dallas","ダラス","達拉斯","US","USD","America/Chicago","32.7792","-96.8089","DFW DAL"
"추가","atlanta","애틀랜타","Atlanta","アトランタ","亞特蘭大","US","USD","America/New_York","33.7544","-84.3897","ATL"
"추가","saltlakecity","솔트레이크시티","Salt Lake City","ソルトレイクシティ","鹽湖城","US","USD","America/Denver","40.75","-111.8833","SLC"
"추가","denver","덴버","Denver","デンバー","丹佛","US","USD","America/Denver","39.7392","-104.9847","DEN"
"추가","portland","포틀랜드","Portland","ポートランド","波特蘭","US","USD","America/Los_Angeles","45.515","-122.6792","PDX"
"추가","montreal","몬트리올","Montreal","モントリオール","蒙特婁","CA","CAD","America/Toronto","45.5033","-73.5868","YUL"
"추가","calgary","캘거리","Calgary","カルガリー","卡加利","CA","CAD","America/Edmonton","51.0475","-114.0625","YYC"
"추가","banff","밴프","Banff","バンフ","班夫","CA","CAD","America/Edmonton","51.1781","-115.572","YYC"
"추가","quebeccity","퀘벡","Quebec City","ケベック","魁北克","CA","CAD","America/Toronto","46.8161","-71.2242","YQB"
"추가","monterrey","몬테레이","Monterrey","モンテレイ","蒙特雷","MX","MXN","America/Monterrey","25.6844","-100.3181","MTY"
"추가","bogota","보고타","Bogotá","ボゴタ","波哥大","CO","COP","America/Bogota","4.6097","-74.0817","BOG"
"추가","cartagena","카르타헤나","Cartagena","カルタヘナ","卡塔赫納","CO","COP","America/Bogota","10.4236","-75.5253","CTG"
"추가","panamacity","파나마시티","Panama City","パナマ","巴拿馬城","PA","USD","America/Panama","8.9711","-79.5347","PTY"
"추가","goldcoast","골드코스트","Gold Coast","ゴールドコースト","黃金海岸","AU","AUD","Australia/Brisbane","-28.0167","153.4","BNE OOL"
"추가","cairns","케언스","Cairns","ケアンズ","凱恩斯","AU","AUD","Australia/Brisbane","-16.9256","145.7753","CNS"
"추가","perth","퍼스","Perth","パース","伯斯","AU","AUD","Australia/Perth","-31.9558","115.8597","PER"
"추가","adelaide","애들레이드","Adelaide","アデレード","阿得雷德","AU","AUD","Australia/Adelaide","-34.9275","138.6","ADL"
"추가","christchurch","크라이스트처치","Christchurch","クライストチャーチ","基督城","NZ","NZD","Pacific/Auckland","-43.5311","172.6361","CHC"
"추가","wellington","웰링턴","Wellington","ウェリントン","威靈頓","NZ","NZD","Pacific/Auckland","-41.2889","174.7772","WLG BHE"
"추가","papeete","파페에테","Papeete","パペーテ","巴比提","PF","XPF","Pacific/Tahiti","-17.5397","-149.5689","PPT"
"추가","koror","코로르","Koror","コロール","科羅","PW","USD","Pacific/Palau","7.3433","134.4804","ROR"
"추가","casablanca","카사블랑카","Casablanca","カサブランカ","卡薩布蘭卡","MA","MAD","Africa/Casablanca","33.5992","-7.62","CMN"
"추가","johannesburg","요하네스버그","Johannesburg","ヨハネスブルグ","約翰尼斯堡","ZA","ZAR","Africa/Johannesburg","-26.2044","28.0416","HLA JNB"
"추가","addisababa","아디스아바바","Addis Ababa","アディスアベバ","阿迪斯阿貝巴","ET","ETB","Africa/Addis_Ababa","9.0358","38.7525","ADD"
"추가","victoriafalls","빅토리아폴스","Victoria Falls","ビクトリア・フォールズ","維多利亞瀑布城","ZW","USD","Africa/Harare","-17.9333","25.8333","VFA"
"추가","luxor","룩소르","Luxor","ルクソール","路克索","EG","EGP","Africa/Cairo","25.6967","32.6444","LXR"
"추가","portlouis","포트루이스","Port Louis","ポートルイス","路易港","MU","MUR","Indian/Mauritius","-20.1619","57.4989","MRU"
"추가","incheon","인천","Incheon","仁川","仁川","KR","KRW","Asia/Seoul","37.4639","126.6486","ICN GMP"
"추가","daegu","대구","Daegu","大邱","大邱廣域","KR","KRW","Asia/Seoul","35.8717","128.6017","TAE USN KPO"
"추가","gwangju","광주","Gwangju","光州","光州廣域","KR","KRW","Asia/Seoul","35.1667","126.9167","KWJ RSU"
"추가","cheongju","청주","Cheongju","清州","清州","KR","KRW","Asia/Seoul","36.6372","127.4897","CJJ"
